<?xml version="1.0" encoding="utf-8"?>
<VugenScriptMetadata>
  <ScriptName>Ticket_search</ScriptName>
  <Protocol>Web - HTTP/HTML</Protocol>
  <ActionFiles>
    <FileEntry Name="vuser_init.c" Filter="2" />
    <FileEntry Name="Action.c" Filter="2" />
    <FileEntry Name="vuser_end.c" Filter="2" />
  </ActionFiles>
  <GeneralFiles>
    <FileEntry Name="Ticket_search.usr" Filter="4" />
    <FileEntry Name="default.cfg" Filter="4" />
    <FileEntry Name="default.usp" Filter="4" />
    <FileEntry Name="Ticket_search.prm" Filter="2" />
    <FileEntry Name="globals.h" Filter="2" />
    <FileEntry Name="login.dat" Filter="2" />
    <FileEntry Name="pass.dat" Filter="2" />
    <FileEntry Name="combined_Ticket_search.c" Filter="2" />
    <FileEntry Name="pre_cci.c" Filter="2" />
    <FileEntry Name="1026334440.idx" Filter="1" />
    <FileEntry Name="38683026440.idx" Filter="1" />
    <FileEntry Name="Bookmarks.xml" Filter="1" />
    <FileEntry Name="Breakpoints.xml" Filter="1" />
    <FileEntry Name="CompilerLogMetadata.xml" Filter="1" />
    <FileEntry Name="custom_body_variables.txt" Filter="1" />
    <FileEntry Name="logfile.log" Filter="1" />
    <FileEntry Name="lrw_custom_body.h" Filter="1" />
    <FileEntry Name="mdrv.log" Filter="1" />
    <FileEntry Name="mdrv9wE.681.log" Filter="1" />
    <FileEntry Name="mdrvB01.377.log" Filter="1" />
    <FileEntry Name="mdrvcoG.505.log" Filter="1" />
    <FileEntry Name="mdrvCuI.513.log" Filter="1" />
    <FileEntry Name="mdrvD8h.551.log" Filter="1" />
    <FileEntry Name="mdrvI5L.953.log" Filter="1" />
    <FileEntry Name="mdrvKHS.411.log" Filter="1" />
    <FileEntry Name="mdrvtpk.219.log" Filter="1" />
    <FileEntry Name="mdrv_cmd.txt" Filter="1" />
    <FileEntry Name="options.txt" Filter="1" />
    <FileEntry Name="output.bak" Filter="1" />
    <FileEntry Name="output.txt" Filter="1" />
    <FileEntry Name="replay.har" Filter="1" />
    <FileEntry Name="ReplaySummaryReport.xml" Filter="1" />
    <FileEntry Name="ScriptUploadMetadata.xml" Filter="1" />
    <FileEntry Name="shunra.shunra" Filter="1" />
    <FileEntry Name="ThumbnailsCache.tmp" Filter="1" />
    <FileEntry Name="Ticket_search.c.pickle" Filter="1" />
    <FileEntry Name="Ticket_search.ci" Filter="1" />
    <FileEntry Name="Ticket_search.prm.bak" Filter="1" />
    <FileEntry Name="Ticket_search.sdf" Filter="1" />
    <FileEntry Name="UserTasks.xml" Filter="1" />
    <FileEntry Name="data\" Filter="1" />
    <FileEntry Name="result1\" Filter="1" />
  </GeneralFiles>
</VugenScriptMetadata>